name,date
N16961,1971
BD_1991_ERR018122,1991
BD_1991_ERR019883,1991
BD_2000_ERR019884,2000
BD_1994_ERR018120,1994
BD_1994_ERR018179,1994
BD_1994_ERR025392,1994
BD_2005_DRR335694,2005
BD_2005_DRR335696,2005
BD_2006_DRR335698,2006
BD_2009_DRR335705,2009
BD_2007_DRR335608,2007
BD_2009_DRR189276,2009
BD_2009_DRR189277,2009
BD_2009_DRR335634,2009
BD_2009_DRR335668,2009
BD_2010_DRR335709,2010
BD_2009_DRR335631,2009
BD_2009_DRR335632,2009
BD_2009_DRR335628,2009
BD_2009_DRR189307,2009
BD_2009_DRR335629,2009
BD_2009_DRR335630,2009
BD_2011_DRR335716,2011
BD_2009_DRR189279,2009
BD_2009_DRR335633,2009
BD_2011_DRR335713,2011
BD_2011_DRR335711,2011
BD_2009_DRR335667,2009
BD_2011_DRR335710,2011
BD_2010_DRR335643,2010
BD_2011_DRR335714,2011
BD_2011_DRR335715,2011
BD_2011_DRR335712,2011
BD_2012_DRR335722,2012
BD_2004_DRR335693,2004
BD_2015_DRR189293,2015
BD_2015_DRR189294,2015
BD_2013_DRR189317,2013
BD_2014_DRR189328,2014
BD_2014_DRR189329,2014
BD_2012_DRR335718,2012
BD_2012_DRR335717,2012
BD_2012_DRR335719,2012
BD_2015_DRR335674,2015
BD_2013_DRR335724,2013
BD_2015_DRR335673,2015
BD_2010_DRR189346,2010
BD_2013_DRR189326,2013
BD_2013_DRR189316,2013
BD_2013_DRR189315,2013
BD_2015_DRR189296,2015
BD_2013_DRR189320,2013
BD_2013_DRR335654,2013
BD_2013_DRR335655,2013
BD_2013_DRR335657,2013
BD_2015_DRR335675,2015
BD_2013_DRR189318,2013
BD_2014_DRR335663,2014
BD_2014_DRR189321,2014
BD_2014_DRR189322,2014
BD_2014_DRR189324,2014
BD_2013_DRR335658,2013
BD_2013_DRR335659,2013
BD_2013_DRR189319,2013
BD_2013_DRR335661,2013
BD_2014_DRR189323,2014
BD_2014_DRR189325,2014
BD_2014_DRR189330,2014
BD_2014_DRR335666,2014
BD_2014_DRR335662,2014
BD_2013_DRR335656,2013
BD_2014_DRR335725,2014
BD_2011_DRR189285,2011
BD_2013_DRR335660,2013
BD_2014_DRR335665,2014
BD_2014_DRR189327,2014
BD_2012_DRR189286,2012
BD_2012_DRR189287,2012
BD_2013_DRR189290,2013
BD_2012_DRR189289,2012
BD_2014_DRR335664,2014
BD_2008_DRR335704,2008
BD_2012_DRR189288,2012
BD_2008_DRR335703,2008
BD_2016_DRR189299,2016
BD_2014_DRR189291,2014
BD_2013_DRR335671,2013
BD_2017_DRR335686,2017
BD_2019_SRR14297546,2019
BD_2018_SRR14297662,2018
BD_2016_DRR189300,2016
BD_2015_DRR189297,2015
BD_2015_DRR335676,2015
BD_2017_DRR335681,2017
BD_2017_DRR335683,2017
BD_2017_DRR335689,2017
BD_2017_DRR335688,2017
BD_2016_DRR189301,2016
BD_2016_DRR189305,2016
BD_2017_DRR335680,2017
BD_2017_DRR335685,2017
BD_2016_DRR189303,2016
BD_2016_DRR335678,2016
BD_2017_DRR335682,2017
BD_2017_DRR335684,2017
BD_2017_DRR335687,2017
BD_2016_DRR335677,2016
BD_2016_DRR189306,2016
BD_2016_DRR189302,2016
BD_2016_DRR335679,2016
BD_2016_DRR189304,2016
BD_2018_SRR14297544,2018
BD_2018_SRR14297667,2018
BD_2018_SRR14297542,2018
BD_2018_SRR14297636,2018
BD_2018_SRR14297661,2018
BD_2018_SRR14297660,2018
BD_2018_SRR14297659,2018
BD_2018_SRR14297650,2018
BD_2007_DRR335701,2007
BD_2001_ERR018116,2001
BD_2006_ERR018128,2006
BD_2006_ERR025393,2006
BD_2007_ERR018182,2007
BD_2001_ERR018115,2001
BD_2007_ERR025395,2007
BD_2001_ERR025373,2001
BD_1999_ERR018114,1999
BD_2004_DRR335691,2004
BD_2005_DRR335697,2005
BD_2007_DRR335609,2007
BD_2007_DRR335607,2007
BD_2005_DRR335695,2005
BD_2007_DRR335615,2007
BD_2007_DRR335700,2007
BD_2007_DRR335702,2007
BD_2007_DRR335612,2007
BD_2007_DRR335617,2007
BD_2007_DRR335613,2007
BD_2007_DRR335616,2007
BD_2007_DRR335611,2007
BD_2010_DRR335645,2010
BD_2007_DRR335614,2007
BD_2010_DRR189282,2010
BD_2010_DRR335646,2010
BD_2009_DRR189278,2009
BD_2010_DRR335638,2010
BD_2010_DRR335669,2010
BD_2010_DRR335708,2010
BD_2010_DRR189280,2010
BD_2010_DRR335706,2010
BD_2015_DRR189292,2015
BD_2011_DRR189313,2011
BD_2012_DRR335653,2012
BD_2004_DRR335692,2004
BD_2011_DRR189283,2011
BD_2011_DRR335670,2011
BD_2011_DRR189284,2011
BD_2014_DRR335672,2014
BD_2007_DRR335618,2007
BD_2011_DRR189311,2011
BD_2010_DRR335642,2010
BD_2010_DRR335640,2010
BD_2011_DRR335648,2011
BD_2010_DRR189347,2010
BD_2011_DRR335647,2011
BD_2010_DRR335644,2010
BD_2010_DRR335641,2010
BD_2010_DRR335639,2010
BD_2011_DRR335649,2011
BD_2007_DRR335610,2007
BD_2011_DRR189310,2011
BD_2010_DRR189281,2010
BD_2008_DRR335620,2008
BD_2012_DRR335650,2012
BD_2008_DRR335623,2008
BD_2011_DRR189314,2011
BD_2012_DRR335651,2012
BD_2008_DRR335625,2008
BD_2010_DRR335635,2010
BD_2008_DRR335622,2008
BD_2008_DRR335626,2008
BD_2008_DRR335621,2008
BD_2010_DRR335636,2010
BD_2012_DRR189309,2012
BD_2012_DRR335652,2012
BD_2012_DRR189308,2012
BD_2008_DRR335624,2008
BD_2010_DRR335637,2010
BD_2012_DRR189312,2012
BD_2008_DRR335619,2008
BD_2008_DRR335627,2008
BD_2016_DRR189298,2016
BD_2021_BFS870,2021
BD_2022_BFS1027,2022
BD_2022_BFS1028,2022
BD_2022_BFS1025,2022
BD_2022_BFS1168,2022
BD_2022_BFS1169,2022
BD_2022_BFS1171,2022
BD_2022_BFS1147,2022
BD_2022_BFS1172,2022
BD_2018_SRR14297543,2018
BD_2018_SRR14297678,2018
BD_2018_SRR14297545,2018
BD_2018_SRR14297663,2018
BD_2018_SRR14297665,2018
BD_2018_SRR14297666,2018
BD_2018_SRR14297674,2018
BD_2018_SRR14297670,2018
BD_2018_SRR14297669,2018
BD_2018_SRR14297679,2018
BD_2018_SRR14297676,2018
BD_2018_SRR14297671,2018
BD_2018_SRR14297672,2018
BD_2018_SRR14297668,2018
BD_2018_SRR14297673,2018
BD_2019_SRR14297681,2019
BD_2019_SRR14297554,2019
BD_2019_SRR14297687,2019
BD_2019_SRR14297686,2019
BD_2019_SRR14297553,2019
BD_2019_SRR14297555,2019
BD_2020_BFS901,2020
BD_2019_BFS812,2019
BD_2019_SRR14297556,2019
BD_2019_SRR14297685,2019
BD_2021_BFS1056,2021
BD_2021_BFS786,2021
BD_2020_BFS834,2020
BD_2020_BFS836,2020
BD_2020_BFS830,2020
BD_2020_BFS826,2020
BD_2020_BFS889,2020
BD_2021_BFS1034,2021
BD_2022_BFS1022,2022
BD_2022_DRR394997,2022
BD_2022_BFS1170,2022
BD_2022_BFS1053,2022
BD_2022_DRR395008,2022
BD_2022_BFS1065,2022
BD_2022_BFS1024,2022
BD_2022_BFS1149,2022
BD_2022_BFS1020,2022
BD_2022_BFS1016,2022
BD_2022_BFS1049,2022
BD_2023_BFS1135,2023
BD_2023_BFS1154,2023
BD_2023_BFS1159,2023
BD_2023_BFS1153,2023
BD_2023_BFS1157,2023
BD_2023_BFS1125,2023
BD_2023_BFS1121,2023
BD_2023_BFS1140,2023
BD_2023_BFS1166,2023
BD_2023_BFS1143,2023
BD_2023_BFS1142,2023
BD_2023_BFS1139,2023
BD_2023_BFS1112,2023
BD_2023_BFS1158,2023
BD_2023_BFS1116,2023
BD_2024_Sept26-49,2024
BD_2024_Sept26-55,2024
BD_2024_Sept26-52,2024
BD_2024_Sept26-59,2024
BD_2024_Sept26-53,2024
BD_2024_Sept26-57,2024
BD_2024_Sept26-58,2024
BD_2024_Sept26-56,2024
BD_2024_Sept26-50,2024
BD_2024_Sept26-51,2024
BD_2023_BFS1117,2023
BD_2023_BFS1114,2023
BD_2024_Sept26-54,2024
BD_2022_BFS1151,2022
BD_2023_BFS1162,2023
BD_2022_BFS1146,2022
BD_2022_BFS1150,2022
BD_2022_BFS1029,2022
BD_2022_BFS1148,2022
BD_2023_BFS1165,2023
BD_2023_BFS1128,2023
BD_2023_BFS1138,2023
BD_2023_BFS1156,2023
BD_2023_BFS1163,2023
BD_2023_BFS1133,2023
BD_2023_BFS1131,2023
BD_2023_BFS1174,2023
BD_2022_BFS1152,2022
BD_2023_BFS1137,2023
BD_2022_BFS1045,2022
BD_2023_BFS1130,2023
BD_2022_BFS1019,2022
BD_2022_DRR395014,2022
BD_2022_DRR395011,2022
BD_2022_BFS1035,2022
BD_2023_BFS1119,2023
BD_2022_BFS1059,2022
BD_2022_BFS1023,2022
BD_2022_BFS1063,2022
BD_2022_DRR395001,2022
BD_2023_BFS1155,2023
BD_2023_BFS1160,2023
BD_2022_BFS1052,2022
BD_2022_DRR395010,2022
BD_2022_BFS1021,2022
BD_2022_BFS1017,2022
BD_2022_BFS1015,2022
BD_2022_BFS1014,2022
BD_2022_DRR395012,2022
BD_2021_BFS1011,2021
BD_2022_BFS1060,2022
BD_2020_BFS815,2020
BD_2020_BFS858,2020
BD_2019_BFS813,2019
BD_2019_SRR14297558,2019
BD_2019_SRR14297682,2019
BD_2020_BFS814,2020
BD_2019_SRR14297550,2019
BD_2019_SRR14297684,2019
BD_2019_SRR14297549,2019
BD_2020_BFS859,2020
BD_2019_SRR14297557,2019
BD_2020_BFS816,2020
BD_2019_SRR14297689,2019
BD_2019_SRR14297547,2019
BD_2020_BFS886,2020
BD_2019_BFS811,2019
BD_2020_BFS860,2020
BD_2019_BFS809,2019
BD_2019_BFS810,2019
BD_2021_BFS1030,2021
BD_2021_BFS855,2021
BD_2020_BFS888,2020
BD_2021_BFS938,2021
BD_2020_BFS851,2020
BD_2021_BFS787,2021
BD_2021_BFS793,2021
BD_2020_BFS890,2020
BD_2021_BFS877,2021
BD_2021_BFS842,2021
BD_2021_BFS840,2021
BD_2020_BFS819,2020
BD_2021_BFS803,2021
BD_2021_BFS800,2021
BD_2021_BFS783,2021
BD_2021_BFS948,2021
BD_2020_BFS864,2020
BD_2021_BFS796,2021
BD_2021_BFS790,2021
BD_2020_BFS863,2020
BD_2020_BFS852,2020
BD_2021_BFS785,2021
BD_2020_BFS833,2020
BD_2020_BFS817,2020
BD_2020_BFS892,2020
BD_2021_BFS849,2021
BD_2020_BFS838,2020
BD_2021_BFS867,2021
BD_2020_BFS831,2020
BD_2021_BFS880,2021
BD_2021_BFS795,2021
BD_2021_BFS854,2021
BD_2020_BFS837,2020
BD_2020_BFS832,2020
BD_2020_BFS862,2020
BD_2020_BFS829,2020
BD_2020_BFS902,2020
BD_2021_BFS808,2021
BD_2021_BFS1031,2021
BD_2022_BFS1057,2022
BD_2022_BFS1018,2022
BD_2021_BFS1032,2021
BD_2022_DRR395013,2022
BD_2021_BFS781,2021
BD_2021_BFS782,2021
BD_2022_DRR395003,2022
BD_2022_DRR394996,2022
BD_2022_DRR395004,2022
BD_2022_DRR394994,2022
BD_2021_BFS780,2021
BD_2021_BFS794,2021
BD_2022_DRR395006,2022
BD_2022_BFS1041,2022
BD_2022_DRR394995,2022
BD_2022_DRR395007,2022
BD_2022_BFS1037,2022
BD_2022_DRR395002,2022
BD_2022_DRR395009,2022
BD_2022_DRR395005,2022
BD_2021_BFS847,2021
BD_2022_BFS1038,2022
BD_2022_DRR394999,2022
BD_2022_DRR395000,2022
BD_2022_BFS1012,2022
BD_2022_BFS1047,2022
BD_2022_BFS1048,2022
BD_2022_BFS1043,2022
BD_2022_DRR395015,2022
BD_2021_BFS857,2021
BD_2022_BFS1061,2022
BD_2021_BFS779,2021
BD_2021_BFS846,2021
BD_2021_BFS853,2021
BD_2021_BFS791,2021
BD_2021_BFS869,2021
BD_2021_BFS881,2021
BD_2021_BFS798,2021
BD_2021_BFS805,2021
BD_2021_BFS797,2021
BD_2020_BFS823,2020
BD_2020_BFS827,2020
BD_2021_BFS845,2021
BD_2020_BFS835,2020
BD_2021_BFS883,2021
BD_2021_BFS806,2021
BD_2021_BFS872,2021
BD_2021_BFS807,2021
BD_2020_BFS887,2020
BD_2021_BFS848,2021
BD_2020_BFS821,2020
BD_2021_BFS868,2021
BD_2021_BFS799,2021
BD_2021_BFS873,2021
BD_2021_BFS850,2021
BD_2021_BFS904,2021
BD_2020_BFS828,2020
BD_2020_BFS825,2020
BD_2020_BFS824,2020
BD_2021_BFS856,2021
BD_2021_BFS802,2021
BD_2021_BFS784,2021
BD_2021_BFS788,2021
BD_2021_BFS801,2021
BD_2021_BFS885,2021
BD_2021_BFS841,2021
BD_2020_BFS820,2020
BD_2021_BFS866,2021
BD_2021_BFS804,2021
BD_2021_BFS947,2021
BD_2021_BFS843,2021
BD_2021_BFS789,2021
BD_2020_BFS839,2020
BD_2021_BFS1033,2021
BD_2020_BFS861,2020
BD_2021_BFS882,2021
BD_2021_BFS792,2021
BD_2021_BFS865,2021
BD_2021_BFS844,2021
BD_2020_BFS818,2020
BD_2020_BFS898,2020